<?xml version="1.0" encoding="UTF-8"?>
<oracle-connections><oracle-connection connection-name="Local RND"><user-name>rnd_user</user-name><password>rnd_user</password><is-modified>false</is-modified><host-name>localhost</host-name><port-number>1521</port-number><sid>XE</sid><service-name></service-name><database-name>RND_USER</database-name><display-order>2</display-order></oracle-connection><oracle-connection connection-name="Local HR DB"><user-name>hr</user-name><password>hr</password><is-modified>false</is-modified><host-name>localhost</host-name><port-number>1521</port-number><sid>XE</sid><service-name></service-name><database-name>HR</database-name><display-order>1</display-order></oracle-connection></oracle-connections>
